Date,Bitcoin
2016/11/9,621.65
2016/11/10,609.67
2016/11/11,610.92
2016/11/12,608.82
2016/11/13,610.38
2016/11/14,609.11
2016/11/15,607.04
2016/11/16,611.58
2016/11/17,610.19
2016/11/18,608.66
2016/11/19,598.88
2016/11/20,597.42
2016/11/21,594.08
2016/11/22,603.88
2016/11/23,601.74
2016/11/24,598.98
2016/11/25,605.96
2016/11/26,605.67
2016/11/27,603.85
2016/11/28,609.39
2016/11/29,614.82
2016/11/30,612.98
2016/12/1,611.85
2016/12/2,609.62
2016/12/3,607.18
2016/12/4,612.08
2016/12/5,617.21
2016/12/6,614.74
2016/12/7,615.65
2016/12/8,617.54
2016/12/9,614.77
2016/12/10,635.01
2016/12/11,635.96
2016/12/12,634.02
2016/12/13,637.94
2016/12/14,641.42
2016/12/15,638.97
2016/12/16,636.29
2016/12/17,629.25
2016/12/18,627.72
2016/12/19,631.92
2016/12/20,655.48
2016/12/21,653.25
2016/12/22,651.39
2016/12/23,655.31
2016/12/24,651.45
2016/12/25,682.22
2016/12/26,687.68
2016/12/27,685.91
2016/12/28,698
2016/12/29,702
2016/12/30,697.01
2016/12/31,733.33
2017/1/1,686.17
2017/1/2,683.69
2017/1/3,704.79
2017/1/4,712
2017/1/5,709.96
2017/1/6,708.97
2017/1/7,720.93
2017/1/8,721.5
2017/1/9,715.45
2017/1/10,703.71
2017/1/11,702.28
2017/1/12,706.46
2017/1/13,710.91
2017/1/14,711.73
2017/1/15,736.96
2017/1/16,747.52
2017/1/17,748.98
2017/1/18,729.06
2017/1/19,738.53
2017/1/20,736.97
2017/1/21,741.63
2017/1/22,737.45
2017/1/23,735.64
2017/1/24,733.67
2017/1/25,727.96
2017/1/26,727.31
2017/1/27,732.71
2017/1/28,742.69
2017/1/29,742.05
2017/1/30,772.43
2017/1/31,764.33
2017/2/1,762.97
2017/2/2,754.63
2017/2/3,756.62
2017/2/4,758.99
2017/2/5,769.72
2017/2/6,770.02
2017/2/7,769.08
2017/2/8,777
2017/2/9,777
2017/2/10,777.99
2017/2/11,774.89
2017/2/12,776.75
2017/2/13,775.88
2017/2/14,788.7
2017/2/15,788.4
2017/2/16,788.67
2017/2/17,793.09
2017/2/18,824.21
2017/2/19,834.97
2017/2/20,901.31
2017/2/21,891.61
2017/2/22,892.6
2017/2/23,897.33
2017/2/24,930.37
2017/2/25,930.34
2017/2/26,963.38
2017/2/27,952.15
2017/2/28,958.12
2017/3/1,997.72
2017/3/2,1015.97
2017/3/3,1013.42
2017/3/4,1126.76
2017/3/5,994.67
2017/3/6,999.65
2017/3/7,896.83
2017/3/8,908.14
2017/3/9,910.49
2017/3/10,906.05
2017/3/11,785.22
2017/3/12,780.92
2017/3/13,826.29
2017/3/14,817.91
2017/3/15,819.55
2017/3/16,830.5
2017/3/17,903.84
2017/3/18,906.6
2017/3/19,895.798875
2017/3/20,893.6210875
2017/3/21,895.64
2017/3/22,918.603625
2017/3/23,922.0736125
2017/3/24,919.97
2017/3/25,893.045625
2017/3/26,915.95625
2017/3/27,915.05
2017/3/28,920.31225
2017/3/29,915.933
2017/3/30,912.19
2017/3/31,964.706075
2017/4/1,979.703875
2017/4/2,983.42
2017/4/3,1013.027
2017/4/4,1030.999413
2017/4/5,1034.07
2017/4/6,1024.01375
2017/4/7,1050.11
2017/4/8,1052.84
2017/4/9,976.103
2017/4/10,999.1035
2017/4/11,997.59
2017/4/12,1000.604625
2017/4/13,999.877375
2017/4/14,1001.2
2017/4/15,1012.325988
2017/4/16,1035.208125
2017/4/17,1035.2
2017/4/18,1056.637138
2017/4/19,1052.779286
2017/4/20,1050.87
2017/4/21,1123.788429
2017/4/22,1123.223188
2017/4/23,1130.01
2017/4/24,1174.86625
2017/4/25,1150.605714
2017/4/26,1150.37
2017/4/27,1190.75195
2017/4/28,1187.565286
2017/4/29,1190.89
2017/4/30,1259.410817
2017/5/1,1285.14
2017/5/2,1287
2017/5/3,1270.9333
2017/5/4,1275.197375
2017/5/5,1279.5
2017/5/6,1157.3933
2017/5/7,1192.469143
2017/5/8,1192.09
2017/5/9,1179.159875
2017/5/10,1227.494625
2017/5/11,1227.68
2017/5/12,1245.370786
2017/5/13,1257.399625
2017/5/14,1257
2017/5/15,1091.171888
2017/5/16,952.2323625
2017/5/17,967.69
2017/5/18,1049.084488
2017/5/19,1118.630043
2017/5/20,1113
2017/5/21,1038.789
2017/5/22,941.9197143
2017/5/23,927.93
2017/5/24,956.7863125
2017/5/25,1037.22925
2017/5/26,1041.04
2017/5/27,1040.5755
2017/5/28,1037.90455
2017/5/29,1034.74
2017/5/30,1086.929571
2017/5/31,1099.169125
2017/6/1,1079.99
2017/6/2,1141.600363
2017/6/3,1133.079314
2017/6/4,1133.53
2017/6/5,1190.45425
2017/6/6,1181.149838
2017/6/7,1184.03
2017/6/8,1207.744875
2017/6/9,1226.617038
2017/6/10,1219.09
2017/6/11,1180.023713
2017/6/12,1185.260057
2017/6/13,1170.36
2017/6/14,1186.927413
2017/6/15,1205.634875
2017/6/16,1176.97
2017/6/17,1217.930088
2017/6/18,1241.686325
2017/6/19,1236.63
2017/6/20,1261.311225
2017/6/21,1257.988113
2017/6/22,1240.84
2017/6/23,1279.414688
2017/6/24,1309.109875
2017/6/25,1288.02
2017/6/26,1331.294429
2017/6/27,1334.979038
2017/6/28,1333
2017/6/29,1417.172813
2017/6/30,1452.076288
2017/7/1,1447.55
2017/7/2,1508.292125
2017/7/3,1533.335071
2017/7/4,1518.75
2017/7/5,1535.868429
2017/7/6,1640.619225
2017/7/7,1651.1
2017/7/8,1762.88625
2017/7/9,1820.990563
2017/7/10,1829
2017/7/11,1771.920013
2017/7/12,1776.3165
2017/7/13,1780
2017/7/14,1739.031975
2017/7/15,1807.485063
2017/7/16,1783.98
2017/7/17,1961.520488
2017/7/18,2052.909788
2017/7/19,2008.84
2017/7/20,2090.662313
2017/7/21,2287.710288
2017/7/22,2256.32
2017/7/23,2387.206286
2017/7/24,2211.976857
2017/7/25,2279.82
2017/7/26,2192.9808
2017/7/27,2275.9307
2017/7/28,2290.02
2017/7/29,2285.933914
2017/7/30,2399.242671
2017/7/31,2409.93
2017/8/1,2525.765158
2017/8/2,2516.173143
2017/8/3,2529.53
2017/8/4,2883.313697
2017/8/5,2664.920863
2017/8/6,2683.03
2017/8/7,2827.4913
2017/8/8,2845.372857
2017/8/9,2898.63
2017/8/10,2657.675063
2017/8/11,2748.185086
2017/8/12,2706
2017/8/13,2442.48025
2017/8/14,2464.959814
2017/8/15,2477.94
2017/8/16,2507.389252
2017/8/17,2617.210263
2017/8/18,2600
2017/8/19,2671.04325
2017/8/20,2727.288013
2017/8/21,2713.48
2017/8/22,2589.164888
2017/8/23,2512.366286
2017/8/24,2502.03
2017/8/25,2517.903114
2017/8/26,2585.349186
2017/8/27,2558.3
2017/8/28,2477.641375
2017/8/29,2501.191343
2017/8/30,2421.26
2017/8/31,2561.225429
2017/9/1,2599.729838
2017/9/2,2598.89
2017/9/3,2609.96775
2017/9/4,2491.201214
2017/9/5,2502.86
2017/9/6,2536.238938
2017/9/7,2366.170143
2017/9/8,2327.09
2017/9/9,2385.748571
2017/9/10,2354.783417
2017/9/11,2338.49
2017/9/12,2058.9956
2017/9/13,1931.2143
2017/9/14,1910.96
2017/9/15,2320.12225
2017/9/16,2264.7657
2017/9/17,2265.21
2017/9/18,2682.195363
2017/9/19,2807.609857
2017/9/20,2825.51
2017/9/21,2751.821029
2017/9/22,2560.997917
2017/9/23,2564.3
2017/9/24,2647.625
2017/9/25,2781.636583
2017/9/26,2784.8
2017/9/27,2745.955417
2017/9/28,2866.431667
2017/9/29,2862.9
2017/9/30,2693.633983
2017/10/1,2794.117717
2017/10/2,2790
2017/10/3,3218.115017
2017/10/4,3252.562533
2017/10/5,3210.2
2017/10/6,3457.374333
2017/10/7,3357.326317
2017/10/8,3340.28
2017/10/9,3632.506667
2017/10/10,3852.802914
2017/10/11,3868.52
2017/10/12,4282.992
2017/10/13,4217.028329
2017/10/14,4179.97
2017/10/15,4328.725717
2017/10/16,4130.440067
2017/10/17,4104.71
2017/10/18,4157.958033
2017/10/19,4043.722
2017/10/20,3986.28
2017/10/21,4174.95
2017/10/22,4340.316717
2017/10/23,4331.77
2017/10/24,4360.513317
2017/10/25,4354.308333
2017/10/26,4339.05
2017/10/27,4607.98545
2017/10/28,4594.98785
2017/10/29,4582.52
2017/10/30,4911.740017
2017/10/31,4580.38748
2017/11/1,4585.57
2017/11/2,4344.098317
2017/11/3,4488.72014
2017/11/4,4385.02
2017/11/5,4654.6585
2017/11/6,4310.750183
2017/11/7,4312.26
2017/11/8,4329.955
2017/11/9,4248.090017
2017/11/10,4198.59
2017/11/11,3961.271267
2017/11/12,3319.63
2017/11/13,3216.43
2017/11/14,3763.62604
2017/11/15,3746.060783
2017/11/16,3678.53
2017/11/17,3943.413333
2017/11/18,3977.561667
2017/11/19,3894.48
2017/11/20,3637.50255
2017/11/21,3776.3869
2017/11/22,3777.62
2017/11/23,3942.555
2017/11/24,3910.307383
2017/11/25,3881
2017/11/26,4201.98905
2017/11/27,4193.574667
2017/11/28,4164.27
2017/11/29,4360.722967
2017/11/30,4386.88375
2017/12/1,4394.07
2017/12/2,4225.175
2017/12/3,4338.852
2017/12/4,4318.58
2017/12/5,4376.191667
2017/12/6,4602.280883
2017/12/7,4605.66
2017/12/8,4782.28
2017/12/9,4819.485767
2017/12/10,4822.17
2017/12/11,5563.806567
2017/12/12,5739.438733
2017/12/13,5825.99
2017/12/14,5711.205867
2017/12/15,5603.71294
2017/12/16,5594.66
2017/12/17,5727.6335
2017/12/18,5979.45984
2017/12/19,5986.44
2017/12/20,5983.18455
2017/12/21,5876.079867
2017/12/22,5900.59
2017/12/23,5669.622533
2017/12/24,5893.138417
2017/12/25,5889.82
2017/12/26,5776.69695
2017/12/27,6155.43402
2017/12/28,6136.49
2017/12/29,6388.645167
2017/12/30,6665.306683
2017/12/31,6751.98
2018/1/1,7197.72006
2018/1/2,7437.543317
2018/1/3,7365.99
2018/1/4,6989.071667
2018/1/5,7092.127233
2018/1/6,7128.64
2018/1/7,7158.03706
2018/1/8,6719.39785
2018/1/9,6569.22
2018/1/10,5716.301583
2018/1/11,6550.227533
2018/1/12,6493.63
2018/1/13,7301.42992
2018/1/14,7815.0307
2018/1/15,7868.77
2018/1/16,7817.140383
2018/1/17,8007.654067
2018/1/18,8049.72
2018/1/19,8059.8
2018/1/20,8268.035
2018/1/21,8236.72
2018/1/22,8250.978333
2018/1/23,8707.407267
2018/1/24,8768.8
2018/1/25,9718.29505
2018/1/26,9952.50882
2018/1/27,9919
2018/1/28,10147.372
2018/1/29,10883.912
2018/1/30,10879.88
2018/1/31,11332.622
2018/2/1,11584.83
2018/2/2,11591.22
2018/2/3,13540.98
2018/2/4,16501.97167
2018/2/5,16860.88
2018/2/6,15142.83415
2018/2/7,14869.805
2018/2/8,15068.95
2018/2/9,17276.39333
2018/2/10,16808.36667
2018/2/11,16252.31
2018/2/12,17771.9
2018/2/13,19498.68333
2018/2/14,19279.9
2018/2/15,18961.85667
2018/2/16,17737.11167
2018/2/17,17382.94
2018/2/18,16047.51
2018/2/19,15190.945
2018/2/20,13776.61
2018/2/21,13949.175
2018/2/22,14119.02833
2018/2/23,13740.94
2018/2/24,15589.32167
2018/2/25,14380.58167
2018/2/26,14214.01
2018/2/27,13215.574
2018/2/28,14165.575
2018/3/1,13796
2018/3/2,15005.85667
2018/3/3,15053.26167
2018/3/4,15039.24
2018/3/5,17174.12
2018/3/6,17319.198
2018/3/7,17155.95
2018/3/8,15265.90667
2018/3/9,14714.25333
2018/3/10,14437.42
2018/3/11,13296.794
2018/3/12,13912.882
2018/3/13,13791.19
2018/3/14,13852.92
2018/3/15,14012.196
2018/3/16,13554.14
2018/3/17,11116.94667
2018/3/18,11345.42333
2018/3/19,11174.82
2018/3/20,12950.79333
2018/3/21,11505.228
2018/3/22,11513.42
2018/3/23,11223.064
2018/3/24,11282.25833
2018/3/25,11392.03
2018/3/26,10969.815
2018/3/27,11524.77667
2018/3/28,11431.37
2018/3/29,11212.655
2018/3/30,10184.06167
2018/3/31,10082.52
2018/4/1,9083.258333
2018/4/2,8901.901667
2018/4/3,8852.73
2018/4/4,8400.648333
2018/4/5,6838.816667
2018/4/6,6925.46
2018/4/7,8099.958333
2018/4/8,8240.536667
2018/4/9,8245.08
2018/4/10,8319.876566
2018/4/11,8343.455
2018/4/12,8068.02
2018/4/13,8597.7675
2018/4/14,9334.633333
2018/4/15,9471.64
2018/4/16,10127.16167
2018/4/17,10841.99167
2018/4/18,11085.83
2018/4/19,11110.965
2018/4/20,11390.39167
2018/4/21,11245.98
2018/4/22,9931.071667
2018/4/23,10162.11667
2018/4/24,10171.3
2018/4/25,9696.593333
2018/4/26,10348.60333
2018/4/27,10319.46
2018/4/28,10370.165
2018/4/29,11009.38167
2018/4/30,10931.12
2018/5/1,11326.94833
2018/5/2,11430.18167
2018/5/3,11516.83
2018/5/4,10763.19833
2018/5/5,10118.058
2018/5/6,9920.46
2018/5/7,9089.278333
2018/5/8,8746.002
2018/5/9,8777.37
2018/5/10,9182.843333
2018/5/11,9154.7
2018/5/12,9153.54
2018/5/13,8358.121667
2018/5/14,8530.402
2018/5/15,8297.89
2018/5/16,8171.415
2018/5/17,8412.033333
2018/5/18,8605.64
2018/5/19,8947.753333
2018/5/20,8690.408333
2018/5/21,8725.37
2018/5/22,8662.378333
2018/5/23,8617.296667
2018/5/24,8457.96
2018/5/25,7876.195
2018/5/26,7960.38
2018/5/27,7950.61
2018/5/28,6882.531667
2018/5/29,6935.48
2018/5/30,6937.56
2018/5/31,7035.848333
2018/6/1,7410.435
2018/6/2,7426.48
2018/6/3,6826.51
2018/6/4,6603.876667
2018/6/5,6634.68
2018/6/6,7017.656667
2018/6/7,6699.273333
2018/6/8,6784.41
2018/6/9,6926.266667
2018/6/10,7847.845
2018/6/11,7941.46
2018/6/12,8036.511051
2018/6/13,8340.748333
2018/6/14,8368.1
2018/6/15,7895.416926
2018/6/16,8164.937426
2018/6/17,8175.96
2018/6/18,8852.718333
2018/6/19,8807.205
2018/6/20,8930.6
2018/6/21,8933.861667
2018/6/22,9555.542
2018/6/23,9658.11
2018/6/24,9258.398333
2018/6/25,9010.32
2018/6/26,8928.55
2018/6/27,9334.281667
2018/6/28,9259.57
2018/6/29,9239.55
2018/6/30,9221.426
2018/7/1,9639.268333
2018/7/2,9753.35
2018/7/3,9803.306667
2018/7/4,9630.136277
2018/7/5,9631.44
2018/7/6,9228.608333
2018/7/7,9322.041667
2018/7/8,9310.37
2018/7/9,8468.788
2018/7/10,8484.346667
2018/7/11,8463.52
2018/7/12,8652.038333
2018/7/13,8511.458
2018/7/14,8471.06
2018/7/15,8106.118333
2018/7/16,8240.055
2018/7/17,8239.08
2018/7/18,8507.406667
2018/7/19,8385.556187
2018/7/20,8396.63
2018/7/21,7555.74
2018/7/22,7566.193333
2018/7/23,7576.78
2018/7/24,7342.908333
2018/7/25,7361.831667
2018/7/26,7344.56
2018/7/27,7459.876667
2018/7/28,7385.395
2018/7/29,7386.72
2018/7/30,7535.146667
2018/7/31,7645.146667
2018/8/1,7637.14
2018/8/2,7500.273333
2018/8/3,7615.722142
2018/8/4,7619.43
2018/8/5,7676.271667
2018/8/6,7620.153333
2018/8/7,7615.54
2018/8/8,6776.888333
2018/8/9,6875.678333
2018/8/10,6879.31
2018/8/11,6315.7
2018/8/12,6647.013333
2018/8/13,6637.41
2018/8/14,6509.426667
2018/8/15,6464.411667
2018/8/16,6445.79
2018/8/17,6737
2018/8/18,6714.718333
2018/8/19,6760.83
2018/8/20,6332.573333
2018/8/21,6141.605833
2018/8/22,6170.46
2018/8/23,6211.4475
2018/8/24,6218.595
2018/8/25,6097.46
2018/8/26,6107.896154
2018/8/27,5908.7025
2018/8/28,6223.28
2018/8/29,6374.754167
2018/8/30,6466.069167
2018/8/31,6626.44
2018/9/1,6593.289167
2018/9/2,6603.376667
2018/9/3,6555.51
2018/9/4,6594.281667
2018/9/5,6753.559167
2018/9/6,6724.04
2018/9/7,6510.791667
2018/9/8,6377.363333
2018/9/9,6403.18
2018/9/10,6244.3575
2018/9/11,6241
2018/9/12,6248.84
2018/9/13,6514.390833
2018/9/14,6869.910833
2018/9/15,7321.62
2018/9/16,7396.401667
2018/9/17,7428.045
2018/9/18,7334.99
2018/9/19,7451.289167
2018/9/20,7689.884167
2018/9/21,7715.1
2018/9/22,8251.165
2018/9/23,8187.324167
2018/9/24,7939.81
2018/9/25,8182.251667
2018/9/26,8206.341667
2018/9/27,8220.91
2018/9/28,7916.800833
2018/9/29,7570.869167
2018/9/30,7607.7
2018/10/1,7394.499167
2018/10/2,7247.769167
2018/10/3,7011.28
2018/10/4,6988.079167
2018/10/5,6993.513333
2018/10/6,6718.23
2018/10/7,6396.7725
2018/10/8,6396.494667
2018/10/9,6138.96
2018/10/10,6311.131667
2018/10/11,6347.07
2018/10/12,6252.13
2018/10/13,6362.676923
2018/10/14,6342.629231
2018/10/15,6312.75
2018/10/16,6436.720833
2018/10/17,6404.063333
2018/10/18,6486.58
2018/10/19,6401.246154
2018/10/20,6575.229167
2018/10/21,6354.57
2018/10/22,6543.645714
2018/10/23,6719.429231
2018/10/24,6738.27
2018/10/25,6719.266154
2018/10/26,7000.04
2018/10/27,7078.19
2018/10/28,6932.6625
2018/10/29,6981.946154
2018/10/30,7018.78
2018/10/31,7247.935385
2018/11/1,7260.949231
2018/11/2,7265.08
2018/11/3,7113.069231
2018/11/4,6433.271667
2018/11/5,6501.19
2018/11/6,6366.1075
2018/11/7,6286.425833
2018/11/8,6240.98
2018/11/9,6296.320833
2018/11/10,6273.1375
2018/11/11,6326.04
2018/11/12,6499.0625
2018/11/13,6518.655
2018/11/14,6522.39
2018/11/15,6400.600833
2018/11/16,6296.631667
2018/11/17,6342.39
2018/11/18,6418.562667
2018/11/19,6669.990833
2018/11/20,6756.12
2018/11/21,6710.445
2018/11/22,6639.304167
2018/11/23,6583.45
2018/11/24,6468.631667
2018/11/25,6535.476667
2018/11/26,6686.08
2018/11/27,6550.474167
2018/11/28,6593.135
2018/11/29,6611.02
2018/11/30,6562.641667
2018/12/1,6470.4025
2018/12/2,6483.73
2018/12/3,6568.549167
2018/12/4,6581.486667
2018/12/5,6573.62
2018/12/6,6618.567692
2018/12/7,6621.711667
2018/12/8,6626.85
2018/12/9,6248.635833
2018/12/10,6260.530833
2018/12/11,6247
2018/12/12,6299.399167
2018/12/13,6452.571667
2018/12/14,6599.17
2018/12/15,6596.276154
2018/12/16,6568.040769
2018/12/17,6509.61
2018/12/18,6488.825833
2018/12/19,6531.601667
2018/12/20,6504.78
2018/12/21,6481.426
2018/12/22,6508.31
2018/12/23,6489.77
2018/12/24,6473.753333
2018/12/25,6465.9175
2018/12/26,6457.21
2018/12/27,6382.668333
2018/12/28,6309.452857
2018/12/29,6301.61
2018/12/30,6342.280833
2018/12/31,6387.674167
2019/1/1,6390.42
2019/1/2,6391.873333
2019/1/3,6436.965
2019/1/4,6437.76
2019/1/5,6538.79
2019/1/6,6486.251667
2019/1/7,6444.97
2019/1/8,6399.033333
2019/1/9,6378.268333
2019/1/10,6408.53
2019/1/11,6372.063333
2019/1/12,6176.155
2019/1/13,5756.77
2019/1/14,5596.1925
2019/1/15,5558.243333
2019/1/16,5572.44
2019/1/17,5303.9425
2019/1/18,4671.97
2019/1/19,4491.98
2019/1/20,4548.7975
2019/1/21,4309.3375
2019/1/22,4352.98
2019/1/23,3823.511667
2019/1/24,3920.536667
2019/1/25,3793.35
2019/1/26,4103.453846
2019/1/27,4263.783333
2019/1/28,4278.77
2019/1/29,4116.7775
2019/1/30,4167.546667
2019/1/31,4140.6
2019/2/1,3961.493333
2019/2/2,3858.349167
2019/2/3,3744.98
2019/2/4,3405.643333
2019/2/5,3435.34
2019/2/6,3453.66
2019/2/7,3523.96
2019/2/8,3426.19
2019/2/9,3407.28
2019/2/10,3406.7625
2019/2/11,3278.374167
2019/2/12,3242.42
2019/2/13,3271.238333
2019/2/14,3392.405
2019/2/15,3556.54
2019/2/16,3808.0425
2019/2/17,3982.850833
2019/2/18,4135.19
2019/2/19,3910.973333
2019/2/20,4027.478333
2019/2/21,3995.17
2019/2/22,3813.88
2019/2/23,3825.379167
2019/2/24,3848.21
2019/2/25,3743.905
2019/2/26,3912.285833
2019/2/27,3770.36
2019/2/28,3791.545833
2019/3/1,3752.271667
2019/3/2,3855.88
2019/3/3,3865.7975
2019/3/4,3822.626667
2019/3/5,3856.62
2019/3/6,3920.456667
2019/3/7,4036.093333
2019/3/8,4032.25
2019/3/9,4034.138333
2019/3/10,3812.585833
2019/3/11,3646.25
2019/3/12,3646.345833
2019/3/13,3599.841667
2019/3/14,3531.96
2019/3/15,3656.785
2019/3/16,3621.270833
2019/3/17,3621.43
2019/3/18,3632.395
2019/3/19,3690.523333
2019/3/20,3703.98
2019/3/21,3548.4275
2019/3/22,3540.02
2019/3/23,3587.35
2019/3/24,3566.4
2019/3/25,3586.25
2019/3/26,3577.79
2019/3/27,3576.3
2019/3/28,3554.5
2019/3/29,3448.58
2019/3/30,3421.6
2019/3/31,3470
2019/4/1,3444.81
2019/4/2,3475.33
2019/4/3,3506.22
2019/4/4,3456.02
2019/4/5,3452.35
2019/4/6,3467.34
2019/4/7,3405.7
2019/4/8,3394.76
2019/4/9,3661.08
2019/4/10,3664.38
2019/4/11,3686.29
2019/4/12,3629.47
2019/4/13,3632.42
2019/4/14,3614.5
2019/4/15,3600.31
2019/4/16,3608.2
2019/4/17,3619.55
2019/4/18,3670.74
2019/4/19,3910.8
2019/4/20,3926.53
2019/4/21,3987.18
2019/4/22,3944.88
2019/4/23,3983.48
2019/4/24,4139.6
2019/4/25,3766.89
2019/4/26,3848.33
2019/4/27,3831.45
2019/4/28,3833.23
2019/4/29,3850.08
2019/4/30,3834.62
2019/5/1,3831.44
2019/5/2,3814.58
2019/5/3,3730.98
2019/5/4,3872.25
2019/5/5,3876.85
2019/5/6,3886.82
2019/5/7,3875.96
2019/5/8,3950.56
2019/5/9,3928.17
2019/5/10,3881.09
2019/5/11,3892.51
2019/5/12,3877.77
2019/5/13,3885.21
2019/5/14,3936.5
2019/5/15,4015.95
2019/5/16,3994.92
2019/5/17,3998.77
2019/5/18,4029.11
2019/5/19,4056.4
2019/5/20,3992.34
2019/5/21,3999.06
2019/5/22,4011.92
2019/5/23,3994.11
2019/5/24,3935.89
2019/5/25,3947.74
2019/5/26,4048.51
2019/5/27,4037.37
2019/5/28,4115.55
2019/5/29,4114.44
2019/5/30,4114.16
2019/5/31,4152.53
2019/6/1,4882.88
2019/6/2,4959.81
2019/6/3,4911.24
2019/6/4,5028.77
2019/6/5,5053.52
2019/6/6,5189.39
2019/6/7,5268.71
2019/6/8,5175.81
2019/6/9,5310.18
2019/6/10,5035.02
2019/6/11,5072.85
2019/6/12,5064.62
2019/6/13,5152.51
2019/6/14,5036.18
2019/6/15,5196.65
2019/6/16,5220.37
2019/6/17,5276.31
2019/6/18,5277.04
2019/6/19,5309.28
2019/6/20,5281.83
2019/6/21,5377.19
2019/6/22,5518.16
2019/6/23,5434.19
2019/6/24,5195.61
2019/6/25,5292.83
2019/6/26,5280.19
2019/6/27,5301.29
2019/6/28,5260.65
2019/6/29,5269.79
2019/6/30,5326.67
2019/7/1,5390.16
2019/7/2,5657.14
2019/7/3,5771.08
2019/7/4,5717.66
2019/7/5,5684.47
2019/7/6,5755.72
2019/7/7,5936.72
2019/7/8,6146.91
2019/7/9,6348.02
2019/7/10,7248.31
2019/7/11,6978.63
2019/7/12,7823.11
2019/7/13,7992.69
2019/7/14,8206.9
2019/7/15,7885.96
2019/7/16,7362.22
2019/7/17,7265.05
2019/7/18,8193.7
2019/7/19,8007.03
2019/7/20,7952.5
2019/7/21,7625.93
2019/7/22,7880.29
2019/7/23,8003.26
2019/7/24,8071.45
2019/7/25,8744.42
2019/7/26,8770.06
2019/7/27,8719.88
2019/7/28,8662.98
2019/7/29,8272.46
2019/7/30,8553.81
2019/7/31,8554.8
2019/8/1,8739.03
2019/8/2,8134.92
2019/8/3,7675.8
2019/8/4,7786.04
2019/8/5,7803.23
2019/8/6,7998.29
2019/8/7,7931.34
2019/8/8,7640.61
2019/8/9,8020.38
2019/8/10,7917.58
2019/8/11,8173.06
2019/8/12,8237.88
2019/8/13,8693.6
2019/8/14,8859.47
2019/8/15,8978.99
2019/8/16,9327.48
2019/8/17,9076.18
2019/8/18,9281.7
2019/8/19,9531.35
2019/8/20,10209.38
2019/8/21,10668.63
2019/8/22,10814.48
2019/8/23,11017.5
2019/8/24,11766.4
2019/8/25,12932.55
2019/8/26,11132.85
2019/8/27,12374.35
2019/8/28,11890.38
2019/8/29,10737.73
2019/8/30,10578.72
2019/8/31,10805.4
2019/9/1,11984.76
2019/9/2,11160.49
2019/9/3,10955.16
2019/9/4,11232.04
2019/9/5,11477.01
2019/9/6,12313.08
2019/9/7,12586.78
2019/9/8,12099.9
2019/9/9,11352.87
2019/9/10,11803.97
2019/9/11,11389.1
2019/9/12,10186.96
2019/9/13,10873.5
2019/9/14,9397.72
2019/9/15,9674.28
2019/9/16,10638.56
2019/9/17,10535.75
2019/9/18,10764.9
2019/9/19,10587.41
2019/9/20,10323.62
2019/9/21,9844.3
2019/9/22,9772.17
2019/9/23,9875.17
2019/9/24,9848.65
2019/9/25,9473.99
2019/9/26,9530
2019/9/27,9501.33
2019/9/28,9589.13
2019/9/29,10084.7
2019/9/30,10407.17
2019/10/1,10529.55
2019/10/2,10814.57
2019/10/3,10980.23
2019/10/4,11787.99
2019/10/5,11465.67
2019/10/6,11960.82
2019/10/7,11996.41
2019/10/8,11856.64
2019/10/9,11282.22
2019/10/10,11566.84
2019/10/11,11386.26
2019/10/12,10858.12
2019/10/13,10016.96
2019/10/14,10302.17
2019/10/15,10359.44
2019/10/16,10214.52
2019/10/17,10317.6
2019/10/18,10917.26
2019/10/19,10760.56
2019/10/20,10129.4
2019/10/21,10111.98
2019/10/22,10405.81
2019/10/23,10143.8
2019/10/24,10135.06
2019/10/25,10360.28
2019/10/26,10171.95
2019/10/27,9717.82
2019/10/28,9484.55
2019/10/29,9577.99
2019/10/30,9600.9
2019/10/31,9769.79
2019/11/1,10386.64
2019/11/2,10621.29
2019/11/3,10584.16
2019/11/4,10577.8
2019/11/5,10317.47
2019/11/6,10487.21
2019/11/7,10406.31
2019/11/8,10313.66
2019/11/9,10101.03
2019/11/10,10159.32
2019/11/11,10420.16
2019/11/12,10363.9
2019/11/13,10361.33
2019/11/14,10310.43
2019/11/15,10265.63
2019/11/16,10190.36
2019/11/17,10157.59
2019/11/18,10275.88
2019/11/19,10173.11
2019/11/20,9979.49
2019/11/21,10033.05
2019/11/22,9683.38
2019/11/23,8553.61
2019/11/24,8432.23
2019/11/25,8055.64
2019/11/26,8193.9
2019/11/27,8225
2019/11/28,8056.74
2019/11/29,8307.74
2019/11/30,8322.92
2019/12/1,8382.03
2019/12/2,8236.17
2019/12/3,8155.48
2019/12/4,8147.69
2019/12/5,7869.74
2019/12/6,8212.02
2019/12/7,8190
2019/12/8,8587.92
2019/12/9,8586.9
2019/12/10,8269.73
2019/12/11,8308.01
2019/12/12,8283.76
2019/12/13,8353.54
2019/12/14,8162.16
2019/12/15,8002.51
2019/12/16,8076.78
2019/12/17,7954.15
2019/12/18,7960.04
2019/12/19,8231.06
2019/12/20,8222.52
2019/12/21,8026.76
2019/12/22,7469.56
2019/12/23,7431.88
2019/12/24,8666.79
2019/12/25,9259.8
2019/12/26,9551.54
2019/12/27,9218.76
2019/12/28,9433.35
2019/12/29,9164.62
2019/12/30,9147.98
2019/12/31,9252.99
2020/1/1,9301.18
2020/1/2,9206.16
2020/1/3,9418.05
2020/1/4,9310.19
2020/1/5,9343.34
2020/1/6,9204.24
2020/1/7,8766.04
2020/1/8,8809.41
2020/1/9,9037.12
2020/1/10,8717.81
2020/1/11,8801.52
2020/1/12,8762.42
2020/1/13,8632.32
2020/1/14,8457.69
2020/1/15,8482.7
2020/1/16,8503.93
2020/1/17,8175.99
2020/1/18,8120.8
2020/1/19,8081.81
2020/1/20,7617.07
2020/1/21,7286.35
2020/1/22,7324.03
2020/1/23,6907.4
2020/1/24,7130.25
2020/1/25,7163.63
2020/1/26,7523.83
2020/1/27,7431
2020/1/28,7757.47
2020/1/29,7557.72
2020/1/30,7402.69
2020/1/31,7309.59
2020/2/1,7296.77
2020/2/2,7192.85
2020/2/3,7395.97
2020/2/4,7547.19
2020/2/5,7504.83
2020/2/6,7522.39
2020/2/7,7337.42
2020/2/8,7220.76
2020/2/9,7202.31
2020/2/10,7189.16
2020/2/11,7251.87
2020/2/12,7067.74
2020/2/13,7111.14
2020/2/14,6879.54
2020/2/15,6612.12
2020/2/16,7284.29
2020/2/17,7150.86
2020/2/18,7190.17
2020/2/19,7143.2
2020/2/20,7514.41
2020/2/21,7322.08
2020/2/22,7250.69
2020/2/23,7192.72
2020/2/24,7194.4
2020/2/25,7243.93
2020/2/26,7301.07
2020/2/27,7385.36
2020/2/28,7219.6
2020/2/29,7168.31
2020/3/1,7175.68
2020/3/2,6944.33
2020/3/3,7326.35
2020/3/4,7347.89
2020/3/5,7351.57
2020/3/6,7759.24
2020/3/7,8165.47
2020/3/8,8042.65
2020/3/9,7817.92
2020/3/10,8184.66
2020/3/11,8021.49
2020/3/12,8173.97
2020/3/13,8105.24
2020/3/14,8842.42
2020/3/15,8813.89
2020/3/16,8722.03
2020/3/17,8900.34
2020/3/18,8910.85
2020/3/19,8703.36
2020/3/20,8626.47
2020/3/21,8722.26
2020/3/22,8658.94
2020/3/23,8388.11
2020/3/24,8428.17
2020/3/25,8327.36
2020/3/26,8588.42
2020/3/27,8895.78
2020/3/28,9385.69
2020/3/29,9279.81
2020/3/30,9502.37
2020/3/31,9333.77
2020/4/1,9378.09
2020/4/2,9314.56
2020/4/3,9162.14
2020/4/4,9162.14
2020/4/5,9614.9
2020/4/6,9755.66
2020/4/7,9807.54
2020/4/8,9907.12
2020/4/9,10162.41
2020/4/10,9854.79
2020/4/11,10275.38
2020/4/12,10354.3
2020/4/13,10242.43
2020/4/14,10368.53
2020/4/15,9904.17
2020/4/16,9937.67
2020/4/17,9703.93
2020/4/18,10180.65
2020/4/19,9604.72
2020/4/20,9606.86
2020/4/21,9696.58
2020/4/22,9669.63
2020/4/23,9989.39
2020/4/24,9663.75
2020/4/25,9309.15
2020/4/26,8785.52
2020/4/27,8804.72
2020/4/28,8712.35
2020/4/29,8534.17
2020/4/30,8912.82
2020/5/1,8912.82
2020/5/2,8754.34
2020/5/3,8758.9
2020/5/4,9067.39
2020/5/5,9155.89
2020/5/6,8898.63
2020/5/7,8039.38
2020/5/8,7931.94
2020/5/9,7885.46
2020/5/10,7936.65
2020/5/11,4830.21
2020/5/12,5609.03
2020/5/13,5166.26
2020/5/14,5348.44
2020/5/15,5026.35
2020/5/16,5357.61
2020/5/17,5410.23
2020/5/18,6195.2
2020/5/19,6226.44
2020/5/20,6189.85
2020/5/21,5822.62
2020/5/22,6502.16
2020/5/23,6768.49
2020/5/24,6698.46
2020/5/25,6763.75
2020/5/26,6369.09
2020/5/27,6260.95
2020/5/28,5885.41
2020/5/29,6405.29
2020/5/30,6428.28
2020/5/31,6652.87
2020/6/1,6809.11
2020/6/2,6741.67
2020/6/3,6871.69
2020/6/4,6777.44
2020/6/5,7343.2
2020/6/6,7205.55
2020/6/7,7365.03
2020/6/8,7293.69
2020/6/9,6873.24
2020/6/10,6891.6
2020/6/11,6915.37
2020/6/12,6857.66
2020/6/13,6871.95
2020/6/14,6623.8
2020/6/15,7112.27
2020/6/16,7034.89
2020/6/17,7259.36
2020/6/18,7130.04
2020/6/19,6840.24
2020/6/20,6852.52
2020/6/21,7130.99
2020/6/22,7477.6
2020/6/23,7507.08
2020/6/24,7549.52
2020/6/25,7699.27
2020/6/26,7790.66
2020/6/27,7765.33
2020/6/28,8777.63
2020/6/29,8628.77
2020/6/30,8824.66
2020/7/1,8973.82
2020/7/2,8903.95
2020/7/3,8885.93
2020/7/4,9030.96
2020/7/5,9170.79
2020/7/6,10002.48
2020/7/7,9821.8
2020/7/8,9527.39
2020/7/9,8754.46
2020/7/10,8617.25
2020/7/11,8814.53
2020/7/12,9305.93
2020/7/13,9790.31
2020/7/14,9303.59
2020/7/15,9385.7
2020/7/16,9669.4
2020/7/17,9719.37
2020/7/18,9785.74
2020/7/19,9510.67
2020/7/20,9057.57
2020/7/21,9167.26
2020/7/22,9178.32
2020/7/23,8730.73
2020/7/24,8899.66
2020/7/25,8842.85
2020/7/26,9197.54
2020/7/27,9569.21
2020/7/28,9425.98
2020/7/29,9698.1
2020/7/30,9450.84
2020/7/31,10204.23
2020/8/1,9525.57
2020/8/2,9658.04
2020/8/3,9794.56
2020/8/4,9623.75
2020/8/5,9670.43
2020/8/6,9753.85
2020/8/7,9782.59
2020/8/8,9775.15
2020/8/9,9892.13
2020/8/10,9286.42
2020/8/11,9459.97
2020/8/12,9473.5
2020/8/13,9330.07
2020/8/14,9426.7
2020/8/15,9526
2020/8/16,9454.81
2020/8/17,9380.03
2020/8/18,9300.15
2020/8/19,9357.43
2020/8/20,9284.78
2020/8/21,9691.9
2020/8/22,9621.49
2020/8/23,9276.58
2020/8/24,9240.85
2020/8/25,9154.45
2020/8/26,9004.23
2020/8/27,9127.47
2020/8/28,9185.35
2020/8/29,9133.97
2020/8/30,9236.38
2020/8/31,9087.98
2020/9/1,9072.42
2020/9/2,9131.31
2020/9/3,9089.09
2020/9/4,9348.91
2020/9/5,9256.23
2020/9/6,9440.07
2020/9/7,9238.04
2020/9/8,9287.4
2020/9/9,9235.96
2020/9/10,9295.9
2020/9/11,9238.13
2020/9/12,9254.52
2020/9/13,9193.51
2020/9/14,9131
2020/9/15,9154.19
2020/9/16,9174.71
2020/9/17,9214.66
2020/9/18,9163.87
2020/9/19,9392.66
2020/9/20,9537.4
2020/9/21,9613.11
2020/9/22,9551.28
2020/9/23,9707.5
2020/9/24,9938.83
2020/9/25,11042.4
2020/9/26,10934.94
2020/9/27,11102.67
2020/9/28,11114.93
2020/9/29,11343.88
2020/9/30,11823.69
2020/10/1,11077.77
2020/10/2,11242.57
2020/10/3,11194.25
2020/10/4,11750.28
2020/10/5,11772.94
2020/10/6,11605.6
2020/10/7,11767.6
2020/10/8,11684.06
2020/10/9,11893.03
2020/10/10,11392.43
2020/10/11,11573.11
2020/10/12,11777.43
2020/10/13,11774.38
2020/10/14,11873.98
2020/10/15,11914.01
2020/10/16,12293.72
2020/10/17,11969.53
2020/10/18,11734
2020/10/19,11865.82
2020/10/20,11522.8
2020/10/21,11683.44
2020/10/22,11653.02
2020/10/23,11763.93
2020/10/24,11337.4
2020/10/25,11467.37
2020/10/26,11302.01
2020/10/27,11534.75
2020/10/28,11481.64
2020/10/29,11707.78
2020/10/30,11659.57
2020/10/31,11923.25
2020/11/1,11397.44
2020/11/2,10187.51
2020/11/3,10467.89
2020/11/4,10159.62
2020/11/5,10254.93
2020/11/6,10367.74
2020/11/7,10121.52
2020/11/8,10227.83
2020/11/9,10352.66
2020/11/10,10395.44
2020/11/11,10446.44
2020/11/12,10330.77
2020/11/13,10674.64
2020/11/14,10785.62
2020/11/15,10948.43
2020/11/16,10943.89
2020/11/17,10931.79
2020/11/18,11081.43
2020/11/19,10919.65
2020/11/20,10430.46
2020/11/21,10532.22
2020/11/22,10234.48
2020/11/23,10732.43
2020/11/24,10692.84
2020/11/25,10732.4
2020/11/26,10774.24
2020/11/27,10692.33
2020/11/28,10840.8
2020/11/29,10777.92
2020/11/30,10619.24
2020/12/1,10575.06
2020/12/2,10551.77
2020/12/3,10673.46
2020/12/4,10788.56
2020/12/5,10603.74
2020/12/6,10670.8
2020/12/7,10923.3
2020/12/8,11063.19
2020/12/9,11302.67
2020/12/10,11376.61
2020/12/11,11540.04
2020/12/12,11428.24
2020/12/13,11431.32
2020/12/14,11503.73
2020/12/15,11327.57
2020/12/16,11366.51
2020/12/17,11508.2
2020/12/18,11758.16
2020/12/19,11925.46
2020/12/20,12831.56
2020/12/21,12990.25
2020/12/22,12944.52
2020/12/23,13128.46
2020/12/24,13036.77
2020/12/25,13076.37
2020/12/26,13651.47
2020/12/27,13289
2020/12/28,13458.66
2020/12/29,13564.72
2020/12/30,13810.32
2020/12/31,13758.88
2021/1/1,13575.17
2021/1/2,14023.31
2021/1/3,14155.59
2021/1/4,15591.39
2021/1/5,15595.77
2021/1/6,14839.84
2021/1/7,15490.6
2021/1/8,15328.53
2021/1/9,15317.04
2021/1/10,15708.65
2021/1/11,16295.57
2021/1/12,16339.33
2021/1/13,16091.07
2021/1/14,15968.16
2021/1/15,16725.15
2021/1/16,17679.72
2021/1/17,17798.45
2021/1/18,17820.57
2021/1/19,18687.45
2021/1/20,18699.75
2021/1/21,18422.28
2021/1/22,18398.91
2021/1/23,19172.52
2021/1/24,18739.8
2021/1/25,17151.44
2021/1/26,17138.87
2021/1/27,17732.42
2021/1/28,18191.6
2021/1/29,19709.73
2021/1/30,18792.52
2021/1/31,19226.97
2021/2/1,19454.54
2021/2/2,18670.49
2021/2/3,19155.06
2021/2/4,19377.66
2021/2/5,19181.41
2021/2/6,18318.87
2021/2/7,18554.15
2021/2/8,18247.76
2021/2/9,18029.36
2021/2/10,18803.44
2021/2/11,19164.48
2021/2/12,19276.59
2021/2/13,19439.75
2021/2/14,21379.48
2021/2/15,22847.46
2021/2/16,23150.79
2021/2/17,23869.92
2021/2/18,23490.58
2021/2/19,22745.48
2021/2/20,23824.99
2021/2/21,23253.37
2021/2/22,23715.53
2021/2/23,24693.58
2021/2/24,26443.21
2021/2/25,26246.58
2021/2/26,27036.69
2021/2/27,27376.37
2021/2/28,28856.59
2021/3/1,28982.56
2021/3/2,29393.75
2021/3/3,32195.46
2021/3/4,33000.78
2021/3/5,32035.03
2021/3/6,34046.67
2021/3/7,36860.41
2021/3/8,39486.04
2021/3/9,40670.25
2021/3/10,40240.72
2021/3/11,38240.09
2021/3/12,35544.94
2021/3/13,34011.82
2021/3/14,37393.13
2021/3/15,39158.47
2021/3/16,36828.52
2021/3/17,36065.2
2021/3/18,35793.01
2021/3/19,36632.35
2021/3/20,36020.13
2021/3/21,35538.98
2021/3/22,30797.88
2021/3/23,33002.38
2021/3/24,32099.74
2021/3/25,32276.84
2021/3/26,32243.26
2021/3/27,32541.8
2021/3/28,30419.17
2021/3/29,33403.17
2021/3/30,34314.26
2021/3/31,34318.1
2021/4/1,33136.46
2021/4/2,33522.9
2021/4/3,35529.66
2021/4/4,37676.25
2021/4/5,37002.09
2021/4/6,38278.61
2021/4/7,39323.26
2021/4/8,38928.1
2021/4/9,46364.3
2021/4/10,46589.58
2021/4/11,44878.17
2021/4/12,48013.38
2021/4/13,47471.4
2021/4/14,47185.19
2021/4/15,48720.37
2021/4/16,47951.85
2021/4/17,49160.1
2021/4/18,52118.23
2021/4/19,51608.15
2021/4/20,55916.5
2021/4/21,56001.2
2021/4/22,57487.86
2021/4/23,54123.4
2021/4/24,48880.43
2021/4/25,50624.84
2021/4/26,46800.42
2021/4/27,46340.31
2021/4/28,46155.87
2021/4/29,45113.92
2021/4/30,49618.43
2021/5/1,48356.04
2021/5/2,50477.7
2021/5/3,48448.91
2021/5/4,48861.38
2021/5/5,48881.59
2021/5/6,51169.7
2021/5/7,52299.33
2021/5/8,54881.52
2021/5/9,55997.23
2021/5/10,57764
2021/5/11,57253.28
2021/5/12,61258.73
2021/5/13,59133.47
2021/5/14,55754.72
2021/5/15,56872.38
2021/5/16,58913
2021/5/17,57665.9
2021/5/18,58075.1
2021/5/19,58085.8
2021/5/20,57411.17
2021/5/21,54204.96
2021/5/22,54477.46
2021/5/23,52508.23
2021/5/24,51415.92
2021/5/25,55074.47
2021/5/26,55863.93
2021/5/27,55783.71
2021/5/28,57627.67
2021/5/29,58730.13
2021/5/30,58735.25
2021/5/31,58736.92
2021/6/1,59031.32
2021/6/2,57076.49
2021/6/3,58206.55
2021/6/4,59054.1
2021/6/5,58020.46
2021/6/6,55947.27
2021/6/7,58048.59
2021/6/8,58102.58
2021/6/9,59774
2021/6/10,59964.87
2021/6/11,59834.74
2021/6/12,63554.44
2021/6/13,62969.12
2021/6/14,63252.63
2021/6/15,61455.98
2021/6/16,60087.09
2021/6/17,56251.48
2021/6/18,55703.14
2021/6/19,56507.91
2021/6/20,53808.8
2021/6/21,51731.71
2021/6/22,51153.13
2021/6/23,50110.53
2021/6/24,49075.58
2021/6/25,54056.64
2021/6/26,55071.46
2021/6/27,54884.1
2021/6/28,53584.15
2021/6/29,57796.62
2021/6/30,57857.5
2021/7/1,56610.46
2021/7/2,57213.33
2021/7/3,53241.72
2021/7/4,57473.23
2021/7/5,56428.16
2021/7/6,57380.27
2021/7/7,58928.81
2021/7/8,58280.73
2021/7/9,55883.5
2021/7/10,56750
2021/7/11,49007.09
2021/7/12,49702.27
2021/7/13,49922.52
2021/7/14,46736.58
2021/7/15,46441.64
2021/7/16,43596.24
2021/7/17,42912.19
2021/7/18,36964.27
2021/7/19,40784.32
2021/7/20,37280.35
2021/7/21,37528.3
2021/7/22,34754.54
2021/7/23,38728.59
2021/7/24,38410.5
2021/7/25,39266.04
2021/7/26,38445.29
2021/7/27,35689.62
2021/7/28,34647.67
2021/7/29,35684.59
2021/7/30,37310.54
2021/7/31,36662.64
2021/8/1,37585.24
2021/8/2,39188.59
2021/8/3,36885.51
2021/8/4,35530.38
2021/8/5,35816.17
2021/8/6,33514.87
2021/8/7,33450.19
2021/8/8,37338.36
2021/8/9,36704.57
2021/8/10,37313.18
2021/8/11,35494.9
2021/8/12,39066.82
2021/8/13,40525.8
2021/8/14,40188.56
2021/8/15,38324.87
2021/8/16,38068.04
2021/8/17,35729.82
2021/8/18,35524.17
2021/8/19,35592.35
2021/8/20,31686.55
2021/8/21,32447.59
2021/8/22,33674.66
2021/8/23,34639.38
2021/8/24,31640.58
2021/8/25,32160.91
2021/8/26,34644.45
2021/8/27,34456.67
2021/8/28,35847.7
2021/8/29,35047.36
2021/8/30,33536.88
2021/8/31,33856.86
2021/9/1,34688.98
2021/9/2,35309.3
2021/9/3,33747.97
2021/9/4,34211.01
2021/9/5,33839.04
2021/9/6,32877.41
2021/9/7,33818.52
2021/9/8,33515.57
2021/9/9,34227.64
2021/9/10,33158.25
2021/9/11,32686.56
2021/9/12,32814.61
2021/9/13,31738.59
2021/9/14,31421.25
2021/9/15,31520.66
2021/9/16,31783.49
2021/9/17,30815.94
2021/9/18,29790.24
2021/9/19,32118.06
2021/9/20,32297.89
2021/9/21,33581.63
2021/9/22,34279.34
2021/9/23,35365.2
2021/9/24,37318.14
2021/9/25,39405.95
2021/9/26,40002.53
2021/9/27,40005.93
2021/9/28,42214.15
2021/9/29,41659.06
2021/9/30,40000.46
2021/10/1,39193.94
2021/10/2,38138
2021/10/3,39750.14
2021/10/4,40882
2021/10/5,42825.95
2021/10/6,44634.13
2021/10/7,43816.14
2021/10/8,46333.46
2021/10/9,45608.37
2021/10/10,45611.46
2021/10/11,44417.78
2021/10/12,47833.98
2021/10/13,47112.19
2021/10/14,47056.41
2021/10/15,45982.55
2021/10/16,44648.57
2021/10/17,44777.86
2021/10/18,46734.65
2021/10/19,49327.75
2021/10/20,48932.02
2021/10/21,49335.68
2021/10/22,49523.5
2021/10/23,47744.58
2021/10/24,48972.09
2021/10/25,46962.8
2021/10/26,49056.86
2021/10/27,48897.65
2021/10/28,48806.78
2021/10/29,47074.77
2021/10/30,47155.87
2021/10/31,48862.76
2021/11/1,49329.01
2021/11/2,50035.33
2021/11/3,49947.38
2021/11/4,51769.06
2021/11/5,52677.4
2021/11/6,46809.17
2021/11/7,46078.38
2021/11/8,46368.69
